Wourethe@gmail.com,Wourethe,shohX4ivoaS,mastodon.online
Greste@gmail.com,Greste,iip6ohS5jae,mstdn.social
Suiteren1970@gmail.com,Suiteren1970,sheloCie5i,mastodon.online
Maxed1999@gmail.com,Maxed1999,eijeij6oHee,mstdn.social
Spromilt1947@gmail.com,Spromilt1947,Aer1oozeen,mastodon.online
Thembsed58@gmail.com,Thembsed58,nuphae7Rai,mstdn.social
Miled1955@gmail.com,Miled1955,ooth3Ni5,troet.cafe
Sagmes@gmail.com,Sagmes,mie4Uyue8za,wxw.moe
Deaved@gmail.com,Deaved,HachaaJ9Gei,m.cmx.im
Grall1985@gmail.com,Grall1985,foCee9eir6,mastodon.art
Hownsich@gmail.com,Hownsich,johmaeFuu9oo,mastodon.top
Paphatterst@gmail.com,Paphatterst,leimeiGh6va,o3o.ca
Andshoughter@gmail.com,Andshoughter,Tie4zeecie,mastodon.lol
Wishave1942@gmail.com,Wishave1942,Boh6OhXo2,mastodon.uno
Scourter@gmail.com,Scourter,yaenoong7Ah,mas.to
Rintuffight@gmail.com,Rintuffight,eeNg2quah0c,fosstodon.org
Jece1993@gmail.com,Jece1993,eng3Eeng1,norden.social
Pardisturn@gmail.com,Pardisturn,ku7Teekigh,mastodon.technology
Grepron@gmail.com,Grepron,Vo6ka3Shie,eldritch.cafe
Arriess@gmail.com,Arriess,Chiu0oohiek,koyu.space
Apind1959@gmail.com,Apind1959,Cateib0phov3,masto.nobigtech.es
Hingis@gmail.com,Hingis,yaipae8Ea7,busshi.moe
Ouliff@gmail.com,Ouliff,eTeiNg7ae,social.linux.pizza
Deut1945@gmail.com,Deut1945,eiBemooch8a,meow.social
Deace1963@gmail.com,Deace1963,aipu3oXe0,scholar.social
Cancer@gmail.com,Cancer,thonae7oCh,g0v.social
Imseretted@gmail.com,Imseretted,au3Ohnah2p,mastodon.bida.im
Withet56@gmail.com,Withet56,xeeR1EMekee,fedibird.com
Abbeakeek@gmail.com,Abbeakeek,Shath0uigh,mastodon.green
Dral1952@gmail.com,Dral1952,oY4ahc3fie,queer.party
Pret1981@gmail.com,Pret1981,eicae2yeiTh,nrw.social
Milatichated@gmail.com,Milatichated,xahx9ahz7Ei,ruhr.social
Commatch@gmail.com,Commatch,Chei0Kona,muenchen.social
Worseente@gmail.com,Worseente,woodo9fas0Ei,tech.lgbt
Anyinct@gmail.com,Anyinct,Wi6eec6ogh,nerdculture.de
Exprand1943@gmail.com,Exprand1943,Ve8ohzun9lie,twingyeo.kr
Harded@gmail.com,Harded,PhaiFier8,donphan.social
Johe1981@gmail.com,Johe1981,OuGh1ahvo,sociale.network
Easking@gmail.com,Easking,quooj0Uum9u,climatejustice.social
Inglast@gmail.com,Inglast,EeyeS6quaqu,banana.dog
Ithed1986@gmail.com,Ithed1986,eiNga4yu3t,social.anoxinon.de
Giarised01@gmail.com,Giarised01,Cheig7ii,hessen.social
Beepargang@gmail.com,Beepargang,uaReih7ee,qoto.org
